Workbook

Sheet README
A1: DRFC — Frequency & Primary-Frequency-Response (PFR) Parameters
A2: Supplementary data for: Distributionally Robust Frequency-Constrained Dispatch of Microgrid Clusters with Shared Energy Storage
A4: Item | B4: Description
A5: Purpose | B5: Exact frequency-security and PFR parameters used in the case studies (Sections II-E, IV-D, V). Values are imported from the simulation code (config.py / frequency.py), not re-typed.
A6: Systems | B6: Two test systems: modified IEEE 33-bus / 4-MG and IEEE 123-bus / 6-MG.
A7: Sheets | B7: Freq_Security_Limits, SG_PFR, WT_PFR, ESS_PFR, MG_Aggregate.
A8: Nominal frequency f0 | B8: 50 Hz (50-Hz system).
A9: Droop convention | B9: Droop gain 1/R = Pmax / (R * f0) [MW/Hz]; a droop R=0.05 means a 5% frequency change deploys full reserve.
A10: Inertia convention | B10: Unit inertia contribution H * Pmax [MW*s] when committed; ESS virtual inertia H_e * P_max is shared equally across the cluster (/K).
A11: Nominal point | B11: Per-MG aggregates use a nominal islanding imbalance dP0 = 0.20 x peak load and the committed inertia H0 = 0.5*Sum(H*Pmax over SGs) + H_ess (floored at 1 MW*s), the linearisation point of the nadir constraint eq.(20).
A12: Frequency metrics | B12: RoCoF |dP|/(2H) <= RoCoF_max; nadir f0-(dP/D)(1+sqrt(Tg/2H)) >= f_min; QSS |dP-dP_pfr|/(D+Sum 1/R) <= df_qss,max.
A13: Units | B13: MW, MWh, MW/Hz, s, Hz, Hz/s as labelled in each header.
A15: Note: derived per-MG quantities on the MG_Aggregate sheet are live Excel formulas referencing the unit sheets, so edits to any unit rating or droop propagate automatically.

Sheet Freq_Security_Limits
A1: Frequency-security limits & global constants (Section II-E-3)
A3: Parameter | B3: Symbol | C3: Value | D3: Unit | E3: Paper ref.
A4: Nominal frequency | B4: f0 | C4: 50 | D4: Hz | E4: Sec. II-E
A5: RoCoF limit | B5: RoCoF_max | C5: 0.5 | D5: Hz/s | E5: eq. (13)
A6: Frequency nadir floor | B6: f_min | C6: 49.5 | D6: Hz | E6: eq. (14)
A7: Max allowable nadir drop | B7: f0 - f_min | C7: =C4-C6 -> 0.5 | D7: Hz | E7: eq. (14)
A8: Quasi-steady-state deviation cap | B8: df_qss,max | C8: 0.2 | D8: Hz | E8: eq. (16)
A9: Load-damping coefficient (per peak-MW) | B9: D_coef | C9: 1 | D9: MW/Hz per MW | E9: eq. (10)
A10: PFR discretisation time step | B10: dt_PFR | C10: 0.1 | D10: s | E10: eq. (19), Sec. V-A
A11: PFR observation window | B11: T_PFR | C11: 30 | D11: s | E11: Sec. V-A
A13: Per-MG load damping D = D_coef x (peak load of the MG); see MG_Aggregate.

Sheet SG_PFR
A1: Synchronous-generator governor & inertia parameters
A3: System | B3: MG | C3: Unit | D3: Pmax (MW) | E3: Droop R | F3: Tg (s) | G3: H (s) | H3: PFR reserve (MW) | I3: 1/R (MW/Hz) | J3: H*Pmax (MW*s) | K3: Tg*Pmax
A4: 33-bus | B4: 1 | C4: SG1 | D4: 3.5 | E4: 0.05 | F4: 8 | G4: 4 | H4: 1.75 | I4: =D4/(E4*Freq_Security_Limits!$C$4) -> 1.4 | J4: =G4*D4 -> 14 | K4: =F4*D4 -> 28
A5: 33-bus | B5: 2 | C5: SG2a | D5: 2.6 | E5: 0.05 | F5: 8 | G5: 4 | H5: 1.3 | I5: =D5/(E5*Freq_Security_Limits!$C$4) -> 1.04 | J5: =G5*D5 -> 10.4 | K5: =F5*D5 -> 20.8
A6: 33-bus | B6: 2 | C6: SG2b | D6: 2.4 | E6: 0.05 | F6: 8 | G6: 4 | H6: 1.2 | I6: =D6/(E6*Freq_Security_Limits!$C$4) -> 0.96 | J6: =G6*D6 -> 9.6 | K6: =F6*D6 -> 19.2
A7: 33-bus | B7: 3 | C7: SG3 | D7: 3 | E7: 0.05 | F7: 8 | G7: 4 | H7: 1.5 | I7: =D7/(E7*Freq_Security_Limits!$C$4) -> 1.2 | J7: =G7*D7 -> 12 | K7: =F7*D7 -> 24
A8: 33-bus | B8: 4 | C8: SG4a | D8: 2 | E8: 0.05 | F8: 8 | G8: 4 | H8: 1 | I8: =D8/(E8*Freq_Security_Limits!$C$4) -> 0.8 | J8: =G8*D8 -> 8 | K8: =F8*D8 -> 16
A9: 33-bus | B9: 4 | C9: SG4b | D9: 1.6 | E9: 0.05 | F9: 8 | G9: 4 | H9: 0.8 | I9: =D9/(E9*Freq_Security_Limits!$C$4) -> 0.64 | J9: =G9*D9 -> 6.4 | K9: =F9*D9 -> 12.8
A10: 123-bus | B10: 1 | C10: SG1a | D10: 3 | E10: 0.05 | F10: 8 | G10: 4 | H10: 1.5 | I10: =D10/(E10*Freq_Security_Limits!$C$4) -> 1.2 | J10: =G10*D10 -> 12 | K10: =F10*D10 -> 24
A11: 123-bus | B11: 1 | C11: SG1b | D11: 2 | E11: 0.05 | F11: 8 | G11: 4 | H11: 1 | I11: =D11/(E11*Freq_Security_Limits!$C$4) -> 0.8 | J11: =G11*D11 -> 8 | K11: =F11*D11 -> 16
A12: 123-bus | B12: 2 | C12: SG2a | D12: 3 | E12: 0.05 | F12: 8 | G12: 4 | H12: 1.5 | I12: =D12/(E12*Freq_Security_Limits!$C$4) -> 1.2 | J12: =G12*D12 -> 12 | K12: =F12*D12 -> 24
A13: 123-bus | B13: 2 | C13: SG2b | D13: 2 | E13: 0.05 | F13: 8 | G13: 4 | H13: 1 | I13: =D13/(E13*Freq_Security_Limits!$C$4) -> 0.8 | J13: =G13*D13 -> 8 | K13: =F13*D13 -> 16
A14: 123-bus | B14: 2 | C14: SG2c | D14: 1.5 | E14: 0.05 | F14: 8 | G14: 4 | H14: 0.75 | I14: =D14/(E14*Freq_Security_Limits!$C$4) -> 0.6 | J14: =G14*D14 -> 6 | K14: =F14*D14 -> 12
A15: 123-bus | B15: 3 | C15: SG3a | D15: 2.5 | E15: 0.05 | F15: 8 | G15: 4 | H15: 1.25 | I15: =D15/(E15*Freq_Security_Limits!$C$4) -> 1 | J15: =G15*D15 -> 10 | K15: =F15*D15 -> 20
... A23: 123-bus | B23: 6 | C23: SG6b | D23: 1.5 | E23: 0.05 | F23: 8 | G23: 4 | H23: 0.75 | I23: =D23/(E23*Freq_Security_Limits!$C$4) -> 0.6 | J23: =G23*D23 -> 6 | K23: =F23*D23 -> 12

Sheet WT_PFR
A1: Wind-turbine deloading & PFR parameters
A3: System | B3: MG | C3: Unit | D3: Capacity (MW) | E3: delta_max | F3: Droop R | G3: Tw (s) | H3: H (s) | I3: 1/R (MW/Hz)
A4: 33-bus | B4: 1 | C4: WT1 | D4: 1.8 | E4: 0.2 | F4: 0.05 | G4: 0.2 | H4: 0 | I4: =D4/(F4*Freq_Security_Limits!$C$4) -> 0.72
A5: 33-bus | B5: 2 | C5: WT2 | D5: 2.7 | E5: 0.2 | F5: 0.05 | G5: 0.2 | H5: 0 | I5: =D5/(F5*Freq_Security_Limits!$C$4) -> 1.08
A6: 33-bus | B6: 3 | C6: WT3 | D6: 2 | E6: 0.2 | F6: 0.05 | G6: 0.2 | H6: 0 | I6: =D6/(F6*Freq_Security_Limits!$C$4) -> 0.8
A7: 33-bus | B7: 4 | C7: WT4 | D7: 1.6 | E7: 0.2 | F7: 0.05 | G7: 0.2 | H7: 0 | I7: =D7/(F7*Freq_Security_Limits!$C$4) -> 0.64
A8: 123-bus | B8: 1 | C8: WT1 | D8: 3 | E8: 0.2 | F8: 0.05 | G8: 0.2 | H8: 0 | I8: =D8/(F8*Freq_Security_Limits!$C$4) -> 1.2
A9: 123-bus | B9: 2 | C9: WT2a | D9: 2.5 | E9: 0.2 | F9: 0.05 | G9: 0.2 | H9: 0 | I9: =D9/(F9*Freq_Security_Limits!$C$4) -> 1
A10: 123-bus | B10: 2 | C10: WT2b | D10: 2 | E10: 0.2 | F10: 0.05 | G10: 0.2 | H10: 0 | I10: =D10/(F10*Freq_Security_Limits!$C$4) -> 0.8
A11: 123-bus | B11: 3 | C11: WT3 | D11: 2.5 | E11: 0.2 | F11: 0.05 | G11: 0.2 | H11: 0 | I11: =D11/(F11*Freq_Security_Limits!$C$4) -> 1
A12: 123-bus | B12: 4 | C12: WT4 | D12: 3 | E12: 0.2 | F12: 0.05 | G12: 0.2 | H12: 0 | I12: =D12/(F12*Freq_Security_Limits!$C$4) -> 1.2
A13: 123-bus | B13: 5 | C13: WT5a | D13: 2.5 | E13: 0.2 | F13: 0.05 | G13: 0.2 | H13: 0 | I13: =D13/(F13*Freq_Security_Limits!$C$4) -> 1
A14: 123-bus | B14: 5 | C14: WT5b | D14: 1.5 | E14: 0.2 | F14: 0.05 | G14: 0.2 | H14: 0 | I14: =D14/(F14*Freq_Security_Limits!$C$4) -> 0.6
A15: 123-bus | B15: 6 | C15: WT6 | D15: 2.5 | E15: 0.2 | F15: 0.05 | G15: 0.2 | H15: 0 | I15: =D15/(F15*Freq_Security_Limits!$C$4) -> 1

Sheet ESS_PFR
A1: Shared energy storage (SESS): synthetic inertia & droop
A3: System | B3: E_max (MWh) | C3: E_min (MWh) | D3: P_max (MW) | E3: eta_ch | F3: eta_dis | G3: H_e (s) | H3: Droop R_e | I3: Te_IR (s) | J3: Te (s) | K3: PFR reserve (MW) | L3: K (MGs) | M3: 1/R_e total (MW/Hz) | N3: H_e*P_max (MW*s)
A4: 33-bus | B4: 5 | C4: 0.5 | D4: 2 | E4: 0.95 | F4: 0.95 | G4: 6 | H4: 0.04 | I4: 0.05 | J4: 0.15 | K4: 1.6 | L4: 4 | M4: =D4/(H4*Freq_Security_Limits!$C$4) -> 1 | N4: =G4*D4 -> 12
A5: 123-bus | B5: 10 | C5: 1 | D5: 3 | E5: 0.95 | F5: 0.95 | G5: 6 | H5: 0.04 | I5: 0.05 | J5: 0.15 | K5: 3.2 | L5: 6 | M5: =D5/(H5*Freq_Security_Limits!$C$4) -> 1.5 | N5: =G5*D5 -> 18
A7: Per-MG ESS share: virtual inertia H_e*P_max/K and droop gain (1/R_e total)/K are allocated equally to each microgrid.

Sheet MG_Aggregate
A1: Per-microgrid aggregate frequency parameters (nominal operating point)
A3: System | B3: MG | C3: Peak load (MW) | D3: D (MW/Hz) | E3: Tg_eq (s) | F3: Sum H_SG (MW*s) | G3: H_ess share (MW*s) | H3: H0 (MW*s) | I3: Sum 1/R (MW/Hz) | J3: D+Sum 1/R (MW/Hz) | K3: kappa0 (Hz/MW) | L3: dP0 (MW) | M3: g(dP0,H0) (Hz) | N3: f_nadir (Hz)
A4: 33-bus | B4: 1 | C4: 2.4 | D4: =Freq_Security_Limits!$C$9*C4 -> 2.4 | E4: =SUMIFS(SG_PFR!$K$4:$K$23,SG_PFR!$A$4:$A$23,$A4,SG_PFR!$B$4:$B$23,$B4)/SUMIFS(SG_PFR!$D$4:$D$23,SG_PFR!$A$4:$A$23,$A4,SG_PFR!$B$4:$B$23,$B4) -> 8 | F4: =SUMIFS(SG_PFR!$J$4:$J$23,SG_PFR!$A$4:$A$23,$A4,SG_PFR!$B$4:$B$23,$B4) -> 14 | G4: =SUMIFS(ESS_PFR!$N$4:$N$5,ESS_PFR!$A$4:$A$5,$A4)/SUMIFS(ESS_PFR!$L$4:$L$5,ESS_PFR!$A$4:$A$5,$A4) -> 3 | H4: =MAX(0.5*F4+G4,1) -> 10 | I4: =SUMIFS(SG_PFR!$I$4:$I$23,SG_PFR!$A$4:$A$23,$A4,SG_PFR!$B$4:$B$23,$B4)+SUMIFS(WT_PFR!$I$4:$I$15,WT_PFR!$A$4:$A$15,$A4,WT_PFR!$B$4:$B$15,$B4)+SUMIFS(ESS_PFR!$M$4:$M$5,ESS_PFR!$A$4:$A$5,$A4)/SUMIFS(ESS_PFR!$L$4:$L$5,ESS_PFR!$A$4:$A$5,$A4) -> 2.37 | J4: =D4+I4 -> 4.77 | K4: =(1+SQRT(E4/(2*H4)))/J4 -> 0.34223386 | L4: =0.2*C4 -> 0.48 | M4: =(L4/D4)*(1+SQRT(E4/(2*H4))) -> 0.32649111 | N4: =Freq_Security_Limits!$C$4-M4 -> 49.673509
A5: 33-bus | B5: 2 | C5: 3 | D5: =Freq_Security_Limits!$C$9*C5 -> 3 | E5: =SUMIFS(SG_PFR!$K$4:$K$23,SG_PFR!$A$4:$A$23,$A5,SG_PFR!$B$4:$B$23,$B5)/SUMIFS(SG_PFR!$D$4:$D$23,SG_PFR!$A$4:$A$23,$A5,SG_PFR!$B$4:$B$23,$B5) -> 8 | F5: =SUMIFS(SG_PFR!$J$4:$J$23,SG_PFR!$A$4:$A$23,$A5,SG_PFR!$B$4:$B$23,$B5) -> 20 | G5: =SUMIFS(ESS_PFR!$N$4:$N$5,ESS_PFR!$A$4:$A$5,$A5)/SUMIFS(ESS_PFR!$L$4:$L$5,ESS_PFR!$A$4:$A$5,$A5) -> 3 | H5: =MAX(0.5*F5+G5,1) -> 13 | I5: =SUMIFS(SG_PFR!$I$4:$I$23,SG_PFR!$A$4:$A$23,$A5,SG_PFR!$B$4:$B$23,$B5)+SUMIFS(WT_PFR!$I$4:$I$15,WT_PFR!$A$4:$A$15,$A5,WT_PFR!$B$4:$B$15,$B5)+SUMIFS(ESS_PFR!$M$4:$M$5,ESS_PFR!$A$4:$A$5,$A5)/SUMIFS(ESS_PFR!$L$4:$L$5,ESS_PFR!$A$4:$A$5,$A5) -> 3.33 | J5: =D5+I5 -> 6.33 | K5: =(1+SQRT(E5/(2*H5)))/J5 -> 0.24560825 | L5: =0.2*C5 -> 0.6 | M5: =(L5/D5)*(1+SQRT(E5/(2*H5))) -> 0.31094004 | N5: =Freq_Security_Limits!$C$4-M5 -> 49.68906
A6: 33-bus | B6: 3 | C6: 1.8 | D6: =Freq_Security_Limits!$C$9*C6 -> 1.8 | E6: =SUMIFS(SG_PFR!$K$4:$K$23,SG_PFR!$A$4:$A$23,$A6,SG_PFR!$B$4:$B$23,$B6)/SUMIFS(SG_PFR!$D$4:$D$23,SG_PFR!$A$4:$A$23,$A6,SG_PFR!$B$4:$B$23,$B6) -> 8 | F6: =SUMIFS(SG_PFR!$J$4:$J$23,SG_PFR!$A$4:$A$23,$A6,SG_PFR!$B$4:$B$23,$B6) -> 12 | G6: =SUMIFS(ESS_PFR!$N$4:$N$5,ESS_PFR!$A$4:$A$5,$A6)/SUMIFS(ESS_PFR!$L$4:$L$5,ESS_PFR!$A$4:$A$5,$A6) -> 3 | H6: =MAX(0.5*F6+G6,1) -> 9 | I6: =SUMIFS(SG_PFR!$I$4:$I$23,SG_PFR!$A$4:$A$23,$A6,SG_PFR!$B$4:$B$23,$B6)+SUMIFS(WT_PFR!$I$4:$I$15,WT_PFR!$A$4:$A$15,$A6,WT_PFR!$B$4:$B$15,$B6)+SUMIFS(ESS_PFR!$M$4:$M$5,ESS_PFR!$A$4:$A$5,$A6)/SUMIFS(ESS_PFR!$L$4:$L$5,ESS_PFR!$A$4:$A$5,$A6) -> 2.25 | J6: =D6+I6 -> 4.05 | K6: =(1+SQRT(E6/(2*H6)))/J6 -> 0.41152263 | L6: =0.2*C6 -> 0.36 | M6: =(L6/D6)*(1+SQRT(E6/(2*H6))) -> 0.33333333 | N6: =Freq_Security_Limits!$C$4-M6 -> 49.666667
A7: 33-bus | B7: 4 | C7: 2.6 | D7: =Freq_Security_Limits!$C$9*C7 -> 2.6 | E7: =SUMIFS(SG_PFR!$K$4:$K$23,SG_PFR!$A$4:$A$23,$A7,SG_PFR!$B$4:$B$23,$B7)/SUMIFS(SG_PFR!$D$4:$D$23,SG_PFR!$A$4:$A$23,$A7,SG_PFR!$B$4:$B$23,$B7) -> 8 | F7: =SUMIFS(SG_PFR!$J$4:$J$23,SG_PFR!$A$4:$A$23,$A7,SG_PFR!$B$4:$B$23,$B7) -> 14.4 | G7: =SUMIFS(ESS_PFR!$N$4:$N$5,ESS_PFR!$A$4:$A$5,$A7)/SUMIFS(ESS_PFR!$L$4:$L$5,ESS_PFR!$A$4:$A$5,$A7) -> 3 | H7: =MAX(0.5*F7+G7,1) -> 10.2 | I7: =SUMIFS(SG_PFR!$I$4:$I$23,SG_PFR!$A$4:$A$23,$A7,SG_PFR!$B$4:$B$23,$B7)+SUMIFS(WT_PFR!$I$4:$I$15,WT_PFR!$A$4:$A$15,$A7,WT_PFR!$B$4:$B$15,$B7)+SUMIFS(ESS_PFR!$M$4:$M$5,ESS_PFR!$A$4:$A$5,$A7)/SUMIFS(ESS_PFR!$L$4:$L$5,ESS_PFR!$A$4:$A$5,$A7) -> 2.33 | J7: =D7+I7 -> 4.93 | K7: =(1+SQRT(E7/(2*H7)))/J7 -> 0.32986294 | L7: =0.2*C7 -> 0.52 | M7: =(L7/D7)*(1+SQRT(E7/(2*H7))) -> 0.32524486 | N7: =Freq_Security_Limits!$C$4-M7 -> 49.674755
A8: 123-bus | B8: 1 | C8: 5 | D8: =Freq_Security_Limits!$C$9*C8 -> 5 | E8: =SUMIFS(SG_PFR!$K$4:$K$23,SG_PFR!$A$4:$A$23,$A8,SG_PFR!$B$4:$B$23,$B8)/SUMIFS(SG_PFR!$D$4:$D$23,SG_PFR!$A$4:$A$23,$A8,SG_PFR!$B$4:$B$23,$B8) -> 8 | F8: =SUMIFS(SG_PFR!$J$4:$J$23,SG_PFR!$A$4:$A$23,$A8,SG_PFR!$B$4:$B$23,$B8) -> 20 | G8: =SUMIFS(ESS_PFR!$N$4:$N$5,ESS_PFR!$A$4:$A$5,$A8)/SUMIFS(ESS_PFR!$L$4:$L$5,ESS_PFR!$A$4:$A$5,$A8) -> 3 | H8: =MAX(0.5*F8+G8,1) -> 13 | I8: =SUMIFS(SG_PFR!$I$4:$I$23,SG_PFR!$A$4:$A$23,$A8,SG_PFR!$B$4:$B$23,$B8)+SUMIFS(WT_PFR!$I$4:$I$15,WT_PFR!$A$4:$A$15,$A8,WT_PFR!$B$4:$B$15,$B8)+SUMIFS(ESS_PFR!$M$4:$M$5,ESS_PFR!$A$4:$A$5,$A8)/SUMIFS(ESS_PFR!$L$4:$L$5,ESS_PFR!$A$4:$A$5,$A8) -> 3.45 | J8: =D8+I8 -> 8.45 | K8: =(1+SQRT(E8/(2*H8)))/J8 -> 0.18398819 | L8: =0.2*C8 -> 1 | M8: =(L8/D8)*(1+SQRT(E8/(2*H8))) -> 0.31094004 | N8: =Freq_Security_Limits!$C$4-M8 -> 49.68906
A9: 123-bus | B9: 2 | C9: 5.5 | D9: =Freq_Security_Limits!$C$9*C9 -> 5.5 | E9: =SUMIFS(SG_PFR!$K$4:$K$23,SG_PFR!$A$4:$A$23,$A9,SG_PFR!$B$4:$B$23,$B9)/SUMIFS(SG_PFR!$D$4:$D$23,SG_PFR!$A$4:$A$23,$A9,SG_PFR!$B$4:$B$23,$B9) -> 8 | F9: =SUMIFS(SG_PFR!$J$4:$J$23,SG_PFR!$A$4:$A$23,$A9,SG_PFR!$B$4:$B$23,$B9) -> 26 | G9: =SUMIFS(ESS_PFR!$N$4:$N$5,ESS_PFR!$A$4:$A$5,$A9)/SUMIFS(ESS_PFR!$L$4:$L$5,ESS_PFR!$A$4:$A$5,$A9) -> 3 | H9: =MAX(0.5*F9+G9,1) -> 16 | I9: =SUMIFS(SG_PFR!$I$4:$I$23,SG_PFR!$A$4:$A$23,$A9,SG_PFR!$B$4:$B$23,$B9)+SUMIFS(WT_PFR!$I$4:$I$15,WT_PFR!$A$4:$A$15,$A9,WT_PFR!$B$4:$B$15,$B9)+SUMIFS(ESS_PFR!$M$4:$M$5,ESS_PFR!$A$4:$A$5,$A9)/SUMIFS(ESS_PFR!$L$4:$L$5,ESS_PFR!$A$4:$A$5,$A9) -> 4.65 | J9: =D9+I9 -> 10.15 | K9: =(1+SQRT(E9/(2*H9)))/J9 -> 0.14778325 | L9: =0.2*C9 -> 1.1 | M9: =(L9/D9)*(1+SQRT(E9/(2*H9))) -> 0.3 | N9: =Freq_Security_Limits!$C$4-M9 -> 49.7
A10: 123-bus | B10: 3 | C10: 4 | D10: =Freq_Security_Limits!$C$9*C10 -> 4 | E10: =SUMIFS(SG_PFR!$K$4:$K$23,SG_PFR!$A$4:$A$23,$A10,SG_PFR!$B$4:$B$23,$B10)/SUMIFS(SG_PFR!$D$4:$D$23,SG_PFR!$A$4:$A$23,$A10,SG_PFR!$B$4:$B$23,$B10) -> 8 | F10: =SUMIFS(SG_PFR!$J$4:$J$23,SG_PFR!$A$4:$A$23,$A10,SG_PFR!$B$4:$B$23,$B10) -> 16 | G10: =SUMIFS(ESS_PFR!$N$4:$N$5,ESS_PFR!$A$4:$A$5,$A10)/SUMIFS(ESS_PFR!$L$4:$L$5,ESS_PFR!$A$4:$A$5,$A10) -> 3 | H10: =MAX(0.5*F10+G10,1) -> 11 | I10: =SUMIFS(SG_PFR!$I$4:$I$23,SG_PFR!$A$4:$A$23,$A10,SG_PFR!$B$4:$B$23,$B10)+SUMIFS(WT_PFR!$I$4:$I$15,WT_PFR!$A$4:$A$15,$A10,WT_PFR!$B$4:$B$15,$B10)+SUMIFS(ESS_PFR!$M$4:$M$5,ESS_PFR!$A$4:$A$5,$A10)/SUMIFS(ESS_PFR!$L$4:$L$5,ESS_PFR!$A$4:$A$5,$A10) -> 2.85 | J10: =D10+I10 -> 6.85 | K10: =(1+SQRT(E10/(2*H10)))/J10 -> 0.23401791 | L10: =0.2*C10 -> 0.8 | M10: =(L10/D10)*(1+SQRT(E10/(2*H10))) -> 0.32060454 | N10: =Freq_Security_Limits!$C$4-M10 -> 49.679395
A11: 123-bus | B11: 4 | C11: 5 | D11: =Freq_Security_Limits!$C$9*C11 -> 5 | E11: =SUMIFS(SG_PFR!$K$4:$K$23,SG_PFR!$A$4:$A$23,$A11,SG_PFR!$B$4:$B$23,$B11)/SUMIFS(SG_PFR!$D$4:$D$23,SG_PFR!$A$4:$A$23,$A11,SG_PFR!$B$4:$B$23,$B11) -> 8 | F11: =SUMIFS(SG_PFR!$J$4:$J$23,SG_PFR!$A$4:$A$23,$A11,SG_PFR!$B$4:$B$23,$B11) -> 20 | G11: =SUMIFS(ESS_PFR!$N$4:$N$5,ESS_PFR!$A$4:$A$5,$A11)/SUMIFS(ESS_PFR!$L$4:$L$5,ESS_PFR!$A$4:$A$5,$A11) -> 3 | H11: =MAX(0.5*F11+G11,1) -> 13 | I11: =SUMIFS(SG_PFR!$I$4:$I$23,SG_PFR!$A$4:$A$23,$A11,SG_PFR!$B$4:$B$23,$B11)+SUMIFS(WT_PFR!$I$4:$I$15,WT_PFR!$A$4:$A$15,$A11,WT_PFR!$B$4:$B$15,$B11)+SUMIFS(ESS_PFR!$M$4:$M$5,ESS_PFR!$A$4:$A$5,$A11)/SUMIFS(ESS_PFR!$L$4:$L$5,ESS_PFR!$A$4:$A$5,$A11) -> 3.45 | J11: =D11+I11 -> 8.45 | K11: =(1+SQRT(E11/(2*H11)))/J11 -> 0.18398819 | L11: =0.2*C11 -> 1 | M11: =(L11/D11)*(1+SQRT(E11/(2*H11))) -> 0.31094004 | N11: =Freq_Security_Limits!$C$4-M11 -> 49.68906
A12: 123-bus | B12: 5 | C12: 4.5 | D12: =Freq_Security_Limits!$C$9*C12 -> 4.5 | E12: =SUMIFS(SG_PFR!$K$4:$K$23,SG_PFR!$A$4:$A$23,$A12,SG_PFR!$B$4:$B$23,$B12)/SUMIFS(SG_PFR!$D$4:$D$23,SG_PFR!$A$4:$A$23,$A12,SG_PFR!$B$4:$B$23,$B12) -> 8 | F12: =SUMIFS(SG_PFR!$J$4:$J$23,SG_PFR!$A$4:$A$23,$A12,SG_PFR!$B$4:$B$23,$B12) -> 24 | G12: =SUMIFS(ESS_PFR!$N$4:$N$5,ESS_PFR!$A$4:$A$5,$A12)/SUMIFS(ESS_PFR!$L$4:$L$5,ESS_PFR!$A$4:$A$5,$A12) -> 3 | H12: =MAX(0.5*F12+G12,1) -> 15 | I12: =SUMIFS(SG_PFR!$I$4:$I$23,SG_PFR!$A$4:$A$23,$A12,SG_PFR!$B$4:$B$23,$B12)+SUMIFS(WT_PFR!$I$4:$I$15,WT_PFR!$A$4:$A$15,$A12,WT_PFR!$B$4:$B$15,$B12)+SUMIFS(ESS_PFR!$M$4:$M$5,ESS_PFR!$A$4:$A$5,$A12)/SUMIFS(ESS_PFR!$L$4:$L$5,ESS_PFR!$A$4:$A$5,$A12) -> 4.25 | J12: =D12+I12 -> 8.75 | K12: =(1+SQRT(E12/(2*H12)))/J12 -> 0.1733026 | L12: =0.2*C12 -> 0.9 | M12: =(L12/D12)*(1+SQRT(E12/(2*H12))) -> 0.30327956 | N12: =Freq_Security_Limits!$C$4-M12 -> 49.69672
A13: 123-bus | B13: 6 | C13: 4 | D13: =Freq_Security_Limits!$C$9*C13 -> 4 | E13: =SUMIFS(SG_PFR!$K$4:$K$23,SG_PFR!$A$4:$A$23,$A13,SG_PFR!$B$4:$B$23,$B13)/SUMIFS(SG_PFR!$D$4:$D$23,SG_PFR!$A$4:$A$23,$A13,SG_PFR!$B$4:$B$23,$B13) -> 8 | F13: =SUMIFS(SG_PFR!$J$4:$J$23,SG_PFR!$A$4:$A$23,$A13,SG_PFR!$B$4:$B$23,$B13) -> 16 | G13: =SUMIFS(ESS_PFR!$N$4:$N$5,ESS_PFR!$A$4:$A$5,$A13)/SUMIFS(ESS_PFR!$L$4:$L$5,ESS_PFR!$A$4:$A$5,$A13) -> 3 | H13: =MAX(0.5*F13+G13,1) -> 11 | I13: =SUMIFS(SG_PFR!$I$4:$I$23,SG_PFR!$A$4:$A$23,$A13,SG_PFR!$B$4:$B$23,$B13)+SUMIFS(WT_PFR!$I$4:$I$15,WT_PFR!$A$4:$A$15,$A13,WT_PFR!$B$4:$B$15,$B13)+SUMIFS(ESS_PFR!$M$4:$M$5,ESS_PFR!$A$4:$A$5,$A13)/SUMIFS(ESS_PFR!$L$4:$L$5,ESS_PFR!$A$4:$A$5,$A13) -> 2.85 | J13: =D13+I13 -> 6.85 | K13: =(1+SQRT(E13/(2*H13)))/J13 -> 0.23401791 | L13: =0.2*C13 -> 0.8 | M13: =(L13/D13)*(1+SQRT(E13/(2*H13))) -> 0.32060454 | N13: =Freq_Security_Limits!$C$4-M13 -> 49.679395
A15: g(dP0,H0) is the nadir drop at the nominal operating point; f_nadir = f0 - g. These are the Taylor-linearisation anchors of eq.(20).
